patient_id,rna_frac_present,cna_frac_present,mut_frac_present,label,canonical_label
TCGA-3B-A9HI,1.0,1.0,1.0,1,DDLPS
TCGA-3B-A9HJ,1.0,1.0,1.0,1,DDLPS
TCGA-3B-A9HL,1.0,1.0,1.0,1,DDLPS
TCGA-3B-A9HO,1.0,1.0,1.0,1,DDLPS
TCGA-3B-A9HP,1.0,1.0,1.0,0,LMS
TCGA-3B-A9HQ,1.0,1.0,1.0,0,LMS
TCGA-3B-A9HR,1.0,1.0,1.0,0,LMS
TCGA-3B-A9HT,1.0,1.0,1.0,0,LMS
TCGA-3B-A9HU,1.0,1.0,1.0,0,LMS
TCGA-3B-A9HV,1.0,1.0,1.0,0,LMS
TCGA-3B-A9HX,1.0,1.0,1.0,0,LMS
TCGA-3B-A9HY,1.0,1.0,1.0,0,LMS
TCGA-3B-A9HZ,1.0,1.0,1.0,0,LMS
TCGA-3B-A9I0,1.0,1.0,1.0,0,LMS
TCGA-3B-A9I1,1.0,1.0,1.0,0,LMS
TCGA-3B-A9I3,1.0,1.0,1.0,0,LMS
TCGA-3R-A8YX,1.0,1.0,1.0,1,DDLPS
TCGA-DX-A1KU,1.0,1.0,1.0,1,DDLPS
TCGA-DX-A1KW,1.0,1.0,1.0,1,DDLPS
TCGA-DX-A1KX,1.0,1.0,1.0,1,DDLPS
TCGA-DX-A1KY,1.0,1.0,1.0,1,DDLPS
TCGA-DX-A1KZ,1.0,1.0,1.0,1,DDLPS
TCGA-DX-A1L0,1.0,1.0,1.0,1,DDLPS
TCGA-DX-A1L1,1.0,1.0,1.0,1,DDLPS
TCGA-DX-A1L2,1.0,1.0,1.0,1,DDLPS
TCGA-DX-A1L3,1.0,1.0,1.0,1,DDLPS
TCGA-DX-A1L4,1.0,1.0,1.0,1,DDLPS
TCGA-DX-A23R,1.0,1.0,1.0,1,DDLPS
TCGA-DX-A23T,1.0,1.0,1.0,1,DDLPS
TCGA-DX-A23U,1.0,1.0,1.0,1,DDLPS
TCGA-DX-A23V,1.0,1.0,1.0,1,DDLPS
TCGA-DX-A23Y,1.0,1.0,1.0,1,DDLPS
TCGA-DX-A23Z,1.0,1.0,1.0,1,DDLPS
TCGA-DX-A240,1.0,1.0,1.0,1,DDLPS
TCGA-DX-A2IZ,1.0,1.0,1.0,1,DDLPS
TCGA-DX-A2J0,1.0,1.0,1.0,1,DDLPS
TCGA-DX-A2J1,1.0,1.0,1.0,1,DDLPS
TCGA-DX-A2J4,1.0,1.0,1.0,1,DDLPS
TCGA-DX-A3LS,1.0,1.0,1.0,1,DDLPS
TCGA-DX-A3LT,1.0,1.0,1.0,1,DDLPS
TCGA-DX-A3LU,1.0,1.0,1.0,1,DDLPS
TCGA-DX-A3LW,1.0,1.0,1.0,1,DDLPS
TCGA-DX-A3LY,1.0,1.0,1.0,1,DDLPS
TCGA-DX-A3M1,1.0,1.0,1.0,1,DDLPS
TCGA-DX-A3M2,1.0,1.0,1.0,1,DDLPS
TCGA-DX-A3U5,1.0,1.0,1.0,1,DDLPS
TCGA-DX-A3U6,1.0,1.0,1.0,1,DDLPS
TCGA-DX-A3U7,1.0,1.0,1.0,0,LMS
TCGA-DX-A3U8,1.0,1.0,1.0,0,LMS
TCGA-DX-A3U9,1.0,1.0,1.0,0,LMS
TCGA-DX-A3UA,1.0,1.0,1.0,0,LMS
TCGA-DX-A3UB,1.0,1.0,1.0,0,LMS
TCGA-DX-A3UC,1.0,1.0,1.0,0,LMS
TCGA-DX-A3UD,1.0,1.0,1.0,0,LMS
TCGA-DX-A3UE,1.0,1.0,1.0,0,LMS
TCGA-DX-A3UF,1.0,1.0,1.0,0,LMS
TCGA-DX-A48J,1.0,1.0,1.0,0,LMS
TCGA-DX-A48K,1.0,1.0,1.0,0,LMS
TCGA-DX-A48L,1.0,1.0,1.0,0,LMS
TCGA-DX-A48N,1.0,1.0,1.0,1,DDLPS
TCGA-DX-A48O,1.0,1.0,1.0,0,LMS
TCGA-DX-A48P,1.0,1.0,1.0,0,LMS
TCGA-DX-A48R,1.0,1.0,1.0,0,LMS
TCGA-DX-A48U,1.0,1.0,1.0,0,LMS
TCGA-DX-A48V,0.0,1.0,1.0,0,LMS
TCGA-DX-A6B7,1.0,1.0,1.0,0,LMS
TCGA-DX-A6B9,1.0,1.0,1.0,0,LMS
TCGA-DX-A6BA,1.0,1.0,1.0,0,LMS
TCGA-DX-A6BB,1.0,1.0,1.0,0,LMS
TCGA-DX-A6BE,1.0,1.0,1.0,1,DDLPS
TCGA-DX-A6BF,1.0,1.0,1.0,1,DDLPS
TCGA-DX-A6BG,1.0,1.0,1.0,1,DDLPS
TCGA-DX-A6BH,1.0,1.0,1.0,1,DDLPS
TCGA-DX-A6BK,0.0,1.0,1.0,1,DDLPS
TCGA-DX-A6Z2,1.0,1.0,1.0,0,LMS
TCGA-DX-A7EI,1.0,1.0,1.0,1,DDLPS
TCGA-DX-A7EL,1.0,1.0,1.0,0,LMS
TCGA-DX-A7EM,1.0,1.0,1.0,0,LMS
TCGA-DX-A7EN,1.0,1.0,1.0,0,LMS
TCGA-DX-A7ES,1.0,1.0,1.0,1,DDLPS
TCGA-DX-A8BZ,1.0,1.0,1.0,0,LMS
TCGA-DX-AB2F,1.0,1.0,1.0,1,DDLPS
TCGA-DX-AB2G,1.0,1.0,1.0,1,DDLPS
TCGA-DX-AB2H,1.0,1.0,1.0,1,DDLPS
TCGA-DX-AB35,1.0,1.0,1.0,1,DDLPS
TCGA-DX-AB36,1.0,1.0,1.0,1,DDLPS
TCGA-DX-AB37,1.0,1.0,1.0,1,DDLPS
TCGA-DX-AB3A,1.0,1.0,1.0,1,DDLPS
TCGA-FX-A2QS,1.0,1.0,1.0,1,DDLPS
TCGA-FX-A3NJ,1.0,1.0,1.0,0,LMS
TCGA-FX-A3NK,1.0,1.0,1.0,1,DDLPS
TCGA-FX-A3RE,1.0,1.0,1.0,0,LMS
TCGA-FX-A48G,1.0,1.0,1.0,0,LMS
TCGA-FX-A76Y,1.0,1.0,1.0,0,LMS
TCGA-HB-A3L4,1.0,1.0,1.0,0,LMS
TCGA-HB-A43Z,1.0,1.0,1.0,0,LMS
TCGA-HB-A5W3,1.0,1.0,1.0,0,LMS
TCGA-HS-A5N7,1.0,1.0,1.0,0,LMS
TCGA-HS-A5N8,1.0,1.0,1.0,0,LMS
TCGA-HS-A5NA,1.0,1.0,1.0,0,LMS
TCGA-IE-A3OV,1.0,1.0,1.0,0,LMS
TCGA-IE-A4EH,1.0,1.0,1.0,0,LMS
TCGA-IE-A4EI,1.0,1.0,1.0,0,LMS
TCGA-IE-A4EK,1.0,1.0,1.0,0,LMS
TCGA-IF-A3RQ,1.0,1.0,1.0,1,DDLPS
TCGA-IF-A4AJ,1.0,1.0,1.0,0,LMS
TCGA-IS-A3K6,1.0,1.0,1.0,0,LMS
TCGA-IS-A3K7,1.0,1.0,1.0,0,LMS
TCGA-IS-A3KA,1.0,1.0,1.0,0,LMS
TCGA-IW-A3M4,1.0,1.0,1.0,0,LMS
TCGA-IW-A3M5,1.0,1.0,1.0,0,LMS
TCGA-IW-A3M6,1.0,1.0,1.0,0,LMS
TCGA-JV-A5VE,1.0,1.0,1.0,0,LMS
TCGA-JV-A5VF,1.0,1.0,1.0,0,LMS
TCGA-JV-A75J,1.0,1.0,1.0,0,LMS
TCGA-K1-A3PN,1.0,1.0,1.0,0,LMS
TCGA-K1-A3PO,1.0,1.0,1.0,0,LMS
TCGA-K1-A42W,1.0,1.0,1.0,0,LMS
TCGA-K1-A42X,1.0,1.0,1.0,0,LMS
TCGA-K1-A6RT,1.0,1.0,1.0,0,LMS
TCGA-K1-A6RV,1.0,1.0,1.0,0,LMS
TCGA-KD-A5QS,1.0,1.0,1.0,0,LMS
TCGA-KD-A5QT,1.0,1.0,1.0,0,LMS
TCGA-KD-A5QU,1.0,1.0,1.0,0,LMS
TCGA-KF-A41W,1.0,1.0,1.0,0,LMS
TCGA-MB-A5YA,1.0,1.0,1.0,0,LMS
TCGA-MB-A8JL,1.0,1.0,1.0,0,LMS
TCGA-MJ-A68H,1.0,1.0,1.0,0,LMS
TCGA-MO-A47R,1.0,1.0,1.0,0,LMS
TCGA-N1-A6IA,1.0,1.0,1.0,0,LMS
TCGA-PC-A5DK,1.0,1.0,1.0,0,LMS
TCGA-PC-A5DL,1.0,1.0,1.0,0,LMS
TCGA-PC-A5DN,1.0,1.0,1.0,0,LMS
TCGA-PC-A5DO,1.0,1.0,1.0,0,LMS
TCGA-QQ-A5VA,1.0,1.0,1.0,1,DDLPS
TCGA-QQ-A5VB,1.0,1.0,1.0,0,LMS
TCGA-QQ-A5VC,1.0,1.0,1.0,0,LMS
TCGA-QQ-A5VD,1.0,1.0,1.0,0,LMS
TCGA-QQ-A8VF,1.0,1.0,1.0,0,LMS
TCGA-SG-A6Z7,1.0,1.0,1.0,1,DDLPS
TCGA-WK-A8XO,1.0,1.0,1.0,1,DDLPS
TCGA-WK-A8XQ,1.0,1.0,1.0,1,DDLPS
TCGA-WK-A8XS,1.0,1.0,1.0,0,LMS
TCGA-WK-A8XX,1.0,1.0,1.0,0,LMS
TCGA-WK-A8XY,1.0,1.0,1.0,0,LMS
TCGA-WK-A8XZ,1.0,0.0,1.0,0,LMS
TCGA-WP-A9GB,1.0,1.0,1.0,0,LMS
TCGA-X2-A95T,1.0,1.0,1.0,0,LMS
TCGA-X6-A7WA,1.0,1.0,1.0,0,LMS
TCGA-X6-A7WB,1.0,1.0,1.0,0,LMS
TCGA-X6-A7WC,1.0,1.0,1.0,0,LMS
TCGA-X6-A7WD,1.0,1.0,1.0,0,LMS
TCGA-X6-A8C5,1.0,1.0,1.0,0,LMS
TCGA-X9-A971,1.0,1.0,1.0,0,LMS
TCGA-Z4-A9VC,1.0,1.0,1.0,1,DDLPS
